	id	sentence	sentiment
0	32a4f146782cbde1b7fa65799	 The Rock is destined to be the 21st Century 's new `` Conan '' and that he 's going to make a splash even greater than Arnold Schwarzenegger , Jean-Claud Van Damme or Steven Segal .	3
1	6e0fb51a6fefc7c1b6d77a1d5	 The gorgeously elaborate continuation of `` The Lord of the Rings '' trilogy is so huge that a column of words can not adequately describe co-writer\/director Peter Jackson 's expanded vision of J.R.R. Tolkien 's Middle-earth .	4
2	9b1d25f272afcc21d4508f652	 Singer\/composer Bryan Adams contributes a slew of songs -- a few potential hits , a few more simply intrusive to the story -- but the whole package certainly captures the intended , er , spirit of the piece .	3
3	40ad03c7e89899424ed723b96	 You 'd think by now America would have had enough of plucky British eccentrics with hearts of gold .	2
4	1ade8c062b919bec94fb66db9	 Yet the act is still charming here .	3
5	fd2acb259d78020f00517d563	 Whether or not you 're enlightened by any of Derrida 's lectures on `` the other '' and `` the self , '' Derrida is an undeniably fascinating and playful fellow .	4
6	4d16aa7448d8f3a30d65f8e3a	 Just the labour involved in creating the layered richness of the imagery in this chiaroscuro of madness and light is astonishing .	4
7	3c72741336a5eae80cc6b1a14	 Part of the charm of Satin Rouge is that it avoids the obvious with humour and lightness .	3
8	8e75aa92b8159de17f19119af	 a screenplay more ingeniously constructed than `` Memento ''	4
9	792eb1bcbfc68200921fe37d8	 `` Extreme Ops '' exceeds expectations .	3
10	5fccbb9f744a17cda43da3c9d	 Good fun , good action , good acting , good dialogue , good pace , good cinematography .	4
11	f9406e8c2efdc5fdf6848b994	 You Should Pay Nine Bucks for This : Because you can hear about suffering Afghan refugees on the news and still be unaffected .	2
12	b2a8eba792970eae4d28ac2f6	 Dramas like this make it human .	4
13	ca8c1f98e96aaf7523a65c3f6	 A thunderous ride at first , quiet cadences of pure finesse are few and far between ; their shortage dilutes the potency of otherwise respectable action .	2
14	aeb522ab422ddc747171bef6a	 Still , this flick is fun , and host to some truly excellent sequences .	4
15	e2f38542d6ee1f0ad0c2c8e76	 Australian actor\/director John Polson and award-winning English cinematographer Giles Nuttgens make a terrific effort at disguising the obvious with energy and innovation .	3
16	89a21a8395a39e2b7c31eacbd	 You walk out of The Good Girl with mixed emotions -- disapproval of Justine combined with a tinge of understanding for her actions .	3
17	9dbfce2154c4f324ef4a70c37	 Post 9\/11 the philosophical message of `` Personal Freedom First '' might not be as palatable as intended .	2
18	3db957b457a28a4a7c0e82feb	 Absorbing character study by André Turpin .	4
19	83bed82802327fc4e5d2984d0	 If you love reading and\/or poetry , then by all means check it out .	3
20	3e1c87d3d35bcd38008d5e41b	 You 'll probably love it .	4
21	4b3bcf530a5354af498796d9a	 `` Frailty '' has been written so well , that even a simple `` Goddammit ! ''	3
22	73d06d124949703b4c8f0a92f	 near the end takes on a whole other meaning .	2
23	529fa6572f751022eab93408f	 Grenier is terrific , bringing an unforced , rapid-fire delivery to Toback 's Heidegger - and Nietzsche-referencing dialogue .	4
24	eb4460d50070c2ef88ae281d0	 The Sundance Film Festival has become so buzz-obsessed that fans and producers descend upon Utah each January to ferret out The Next Great Thing .	2
25	84e0eafdf108871a4e2691ae9	 ` Tadpole ' was one of the films so declared this year , but it 's really more of The Next Pretty Good Thing .	2
26	d32dd4775a419a2040d05e69c	 The actors are fantastic .	4
27	0b925c7e9f5fb12fa66a9dc41	 They are what makes it worth the trip to the theatre .	3
28	bd9459695746cb72b41d335aa	 -LRB- Taymor -RRB- utilizes the idea of making Kahlo 's art a living , breathing part of the movie , often catapulting the artist into her own work .	4
29	881025d486ab85d80887a6b30	 This is n't a new idea .	1
30	ee99953bf99c622b21198d832	 It 's been done before but never so vividly or with so much passion .	4
31	217691a418caaddee1173b6fa	 -LRB- `` Take Care of My Cat '' -RRB- is an honestly nice little film that takes us on an examination of young adult life in urban South Korea through the hearts and minds of the five principals .	3
32	cb68e8feb71d78b90a8167777	 It 's not life-affirming -- its vulgar and mean , but I liked it .	2
33	9def07500677bc7d02053fabb	 What `` Empire '' lacks in depth it makes up for with its heart .	3
34	55b265497cc9596c04da2ef6f	 Light , silly , photographed with colour and depth , and rather a good time .	4
35	9386939c3c4a6e97ee2678cb1	 But tongue-in-cheek preposterousness has always been part of For the most part Wilde 's droll whimsy helps `` Being Earnest '' overcome its weaknesses and Parker 's creative interference ...	3
36	0979e4b3ecb11889b519914af	 Much of the movie 's charm lies in the utter cuteness of Stuart and Margolo .	3
37	92638ced7c0f4deaaada8caa4	 Their computer-animated faces are very expressive .	3
38	d6d15b854de267a58265d4887	 The path Ice Age follows most closely , though , is the one established by Warner Bros. giant Chuck Jones , who died a matter of weeks before the movie 's release .	2
39	c8a78682b0a160e0cc7f8415a	 ... spiced with humor -LRB- ' I speak fluent flatula , ' advises Denlopp after a rather , er , bubbly exchange with an alien deckhand -RRB- and witty updatings -LRB- Silver 's parrot has been replaced with Morph , a cute alien creature who mimics everyone and everything around -RRB-	3
40	cba913e9dc94b6cf5a7c0502f	 There 's an energy to Y Tu Mamá También .	3
41	5fab9cffebc5a83244a9a3842	 Much of it comes from the brave , uninhibited performances by its lead actors .	4
42	a25313d03607411eadf246580	 `` 13 Conversations '' holds its goodwill close , but is relatively slow to come to the point .	2
43	55de2c3326db4cc381ce5caa6	 `` Auto Focus '' works as an unusual biopic and document of male swingers in the Playboy era	3
44	db70d7f2ef49595bf0c5fa98b	 If Mr. Zhang 's subject matter is , to some degree at least , quintessentially American , his approach to storytelling might be called Iranian .	2
45	8fb795b19a63325056b455ae1	 ... a sour little movie at its core ; an exploration of the emptiness that underlay the relentless gaiety of the 1920 's ... The film 's ending has a `` What was it all for ? ''	0
46	4dfd54ce02be782bf6719f264	 feeling to it , but like the 1920 's , the trip there is a great deal of fun .	3
47	94427fbaff9b49b40cf4b962b	 `` Cremaster 3 '' should come with the warning `` For serious film buffs only ! ''	3
48	b00b0769ce115926ccf80e099	 Made me unintentionally famous -- as the queasy-stomached critic who staggered from the theater and blacked out in the lobby .	1
49	e7cb89370c6009d29a5ede54b	 But believe it or not , it 's one of the most beautiful , evocative works I 've seen .	4
50	78536b874c3af148d62724399	 García Bernal and Talancón are an immensely appealing couple , and even though their story is predictable , you 'll want things to work out .	3
51	7cdf3668c5c134b723349f7bd	 ... a spoof comedy that carries its share of laughs -- sometimes a chuckle , sometimes a guffaw and , to my great pleasure , the occasional belly laugh .	4
52	c8baae05efa6af530d6d568a3	 -LRB- City -RRB- reminds us how realistically nuanced a Robert De Niro performance can be when he is not more lucratively engaged in the shameless self-caricature of ` Analyze This ' -LRB- 1999 -RRB- and ` Analyze That , ' promised -LRB- or threatened -RRB- for later this year .	3
53	99d8eec6dedd4bfe4b9440467	 The wanton slipperiness of \* Corpus and its amiable jerking and reshaping of physical time and space would make it a great piece to watch with kids and use to introduce video as art .	4
54	88ce04bb88222be1a1afb4c48	 `` Frailty '' starts out like a typical Bible killer story , but it turns out to be significantly different -LRB- and better -RRB- than most films with this theme .	4
55	d2ace4f825c98beecd5b7f1cb	 For those who pride themselves on sophisticated , discerning taste , this might not seem like the proper cup of tea , however it is almost guaranteed that even the stuffiest cinema goers will laugh their \*\*\* off for an hour-and-a-half .	4
56	d0eed6e7226a51c988921e0d5	 It cuts to the core of what it actually means to face your fears , to be a girl in a world of boys , to be a boy truly in love with a girl , and to ride the big metaphorical wave that is life -- wherever it takes you .	4
57	3f62d486feb3531fead11effc	 A welcome relief from baseball movies that try too hard to be mythic , this one is a sweet and modest and ultimately winning story .	3
58	052bd96df2282320b3e94d994	 A crisp psychological drama -LRB- and -RRB- a fascinating little thriller that would have been perfect for an old `` Twilight Zone '' episode .	3
59	811c6ba348b4254d5df20b7a7	 It has more than a few moments that are insightful enough to be fondly remembered in the endlessly challenging maze of moviegoing .	3
60	e08d6439e874d9da14dccf39d	 Opening with some contrived banter , cliches and some loose ends , the screenplay only comes into its own in the second half .	2
61	395b3e08dfb59c6c77cc91a4b	 An uncluttered , resonant gem that relays its universal points without lectures or confrontations . '	3
62	1d5558e31d3e3e5d3f8e6b424	 -LRB- The Cockettes -RRB- provides a window into a subculture hell-bent on expressing itself in every way imaginable . '	3
63	380db4164da36a9eec8ff9d6f	 A smart , steamy mix of road movie , coming-of-age story and political satire .	3
64	3fdaf71c06c47f43405fb1a23	 The modern-day royals have nothing on these guys when it comes to scandals .	1
65	664546d199f491d873b7f131e	 It 's only in fairy tales that princesses that are married for political reason live happily ever after .	1
66	5525dcb73ecb0d34d31eeaf33	 A terrific B movie -- in fact , the best in recent memory .	4
67	b045132944b5370432fde29fb	 `` Birthday Girl '' is an actor 's movie first and foremost .	3
68	ef7d600afaee8692c1b76839d	 I walked away from this new version of E.T. just as I hoped I would -- with moist eyes .	4
69	acdda08277f4ebbe849112f12	 For devotees of French cinema , Safe Conduct is so rich with period minutiae it 's like dying and going to celluloid heaven .	4
70	2d1fb8426a611c670deb813e6	 What 's really so appealing about the characters is their resemblance to everyday children .	3
71	ce907e7eb57f1fde6f103a41c	 Shamelessly resorting to pee-related sight gags that might even cause Tom Green a grimace ; still , Myer 's energy and the silliness of it all eventually prevail	2
72	8cdae70eb39ea455f73cfb541	 An absurdist spider web .	1
73	31bdf7f8b6a35183d35b1cbc2	 If you 're as happy listening to movies as you are watching them , and the slow parade of human frailty fascinates you , then you 're at the right film .	3
74	b1f076ca6a687c2eadd84af93	 This version moves beyond the original 's nostalgia for the communal film experiences of yesteryear to a deeper realization of cinema 's inability to stand in for true , lived experience .	2
75	df3a6645e4a83789560248ee0	 Some movies blend together as they become distant memories .	2
76	a1a96aa0918829d8769ab48d2	 Mention `` Solaris '' five years from now and I 'm sure those who saw it will have an opinion to share .	3
77	61719f5e4d0d799580cd75537	 Allen 's funniest and most likeable movie in years .	4
78	75f46e0328e0e2f9d2c24ee02	 It 's a glorious spectacle like those D.W. Griffith made in the early days of silent film .	4
79	4fa4b65bde78a634df1bf46e9	 This comic gem is as delightful as it is derivative .	4
80	aa2a959791d3b761c4e992f47	 More timely than its director could ever have dreamed , this quietly lyrical tale probes the ambiguous welcome extended by Iran to the Afghani refugees who streamed across its borders , desperate for work and food .	4
81	984718fd47e3312400ba3b9c1	 The leaping story line , shaped by director Peter Kosminsky into sharp slivers and cutting impressions , shows all the signs of rich detail condensed into a few evocative images and striking character traits .	3
82	cc6a43301eca5af85072228ae	 With three excellent principal singers , a youthful and good-looking diva and tenor and richly handsome locations , it 's enough to make you wish Jacquot had left well enough alone and just filmed the opera without all these distortions of perspective .	2
83	1ef9348bf59c8ed1176de742c	 The production has been made with an enormous amount of affection , so we believe these characters love each other .	4
84	911dd77553d7b009ce726380d	 Certainly the performances are worthwhile .	3
85	e43c9e0eec28f95ef5df8aeca	 Winds up being both revelatory and narcissistic , achieving some honest insight into relationships that most high-concept films candy-coat with pat storylines , precious circumstances and beautiful stars .	3
86	8e2b0ac9c1a0fe38f87a45613	 Watching these eccentrics is both inspiring and pure joy .	4
87	94f267bbdc3e860725b0c4bea	 Steven Spielberg brings us another masterpiece	4
88	af8841faa1b2307a57db834b9	 Finally , the French-produced `` Read My Lips '' is a movie that understands characters must come first .	3
89	cb74f9a115e57c266f516326a	 Ms. Seigner and Mr. Serrault bring fresh , unforced naturalism to their characters .	4
90	5e16d8dbdc28dc3a76864e982	 Allen shows he can outgag any of those young whippersnappers making moving pictures today .	3
91	89ece62e4ddaaf97d6b94ea50	 A good film with a solid pedigree both in front of and , more specifically , behind the camera .	3
92	b70bea699175f3d3cb080425f	 By no means a slam-dunk and sure to ultimately disappoint the action fans who will be moved to the edge of their seats by the dynamic first act , it still comes off as a touching , transcendent love story .	1
93	e855df444f6e630d588228eea	 I encourage young and old alike to go see this unique and entertaining twist on the classic whale 's tale -- you wo n't be sorry !	4
94	cec7b548eeaf4b7cbaf194c22	 A literary detective story is still a detective story and aficionados of the whodunit wo n't be disappointed .	3
95	8e7323d8b9e8b9473297b3de2	 High Crimes steals so freely from other movies and combines enough disparate types of films that it ca n't help but engage an audience .	3
96	1c867a0745052cde15d7cb1ef	 If you 're a fan of the series you 'll love it and probably want to see it twice .	4
97	1bcac697742c996d28e32ab80	 I will be .	3
98	f3c945f483aec6a34fc2c6e86	 It celebrates the group 's playful spark of nonconformity , glancing vividly back at what Hibiscus grandly called his ` angels of light . '	3
99	93ca0d5ff56c5b90ad8141c7c	 The story ... is inspiring , ironic , and revelatory of just how ridiculous and money-oriented the record industry really is .	4
100	c5d392b113683fb444249ab49	 It is also a testament to the integrity and vision of the band .	3
101	643ca45d646f12fffb460d9e5	 Laced with liberal doses of dark humor , gorgeous exterior photography , and a stable-full of solid performances , No Such Thing is a fascinating little tale .	4
102	38c8bbfbc10510fa23ba0e272	 Huppert 's show to steal and she makes a meal of it , channeling Kathy Baker 's creepy turn as the repressed mother on Boston Public just as much as 8 Women 's Augustine .	3
103	58986ce090102bf85dca18724	 Nair does n't treat the issues lightly .	3
104	c7d725a54964f00421733d6e1	 She allows each character to confront their problems openly and honestly .	3
105	fefe57e1fb5f67ca5a2334bfd	 One of the best silly horror movies of recent memory , with some real shocks in store for unwary viewers .	4
106	c4f6af57f0f7db12c3ff80388	 The work of a filmmaker who has secrets buried at the heart of his story and knows how to take time revealing them .	3
107	07aa395ae584f4d79d40b2841	 Strange occurrences build in the mind of the viewer and take on extreme urgency .	3
108	17eb4c941ac6ab2640c84fe9a	 Has a certain ghoulish fascination , and generates a fair amount of B-movie excitement .	3
109	0044d9e9fc23a501176cd01df	 Familiar but utterly delightful .	3
110	d61de0e8fc7f65b2baa9a8274	 A fascinating , dark thriller that keeps you hooked on the delicious pulpiness of its lurid fiction .	3
111	9da9cc45b6aedfee0775ab919	 The film aims to be funny , uplifting and moving , sometimes all at once .	3
112	d4d8ee61c7e33ed620de672c7	 The extent to which it succeeds is impressive .	3
113	a9e89ad719cf604e2cdd5ecdb	 The film brilliantly shines on all the characters , as the direction is intelligently accomplished .	4
114	5c1cba397b4442b60d89dea05	 While not for every taste , this often very funny collegiate gross-out comedy goes a long way toward restoring the luster of the National Lampoon film franchise , too long reduced to direct-to-video irrelevancy .	3
115	7aead427f5ea862a32d468d3f	 As broad and cartoonish as the screenplay is , there is an accuracy of observation in the work of the director , Frank Novak , that keeps the film grounded in an undeniable social realism .	3
116	154bcc3288f33b177868a2d2d	 In addition to Hoffman 's powerful acting clinic , this is that rare drama that offers a thoughtful and rewarding glimpse into the sort of heartache everyone has felt , or will feel someday .	4
117	319e1a818e49bd98d6ea05575	 Jeffrey Tambor 's performance as the intelligent jazz-playing exterminator is Oscar-worthy .	4
118	1d1cd880489d37703a594b948	 From the opening strains of the Average White Band 's `` Pick up the Pieces '' , you can feel the love .	3
119	1fa4a48926cb05a76ac13f75a	 Stevens ' vibrant creative instincts are the difference between this and countless other flicks about guys and dolls .	3
120	a873fbf4376fd79e4fb8698ab	 that it 'll probably be the best and most mature comedy of the 2002 summer season speaks more of the season than the picture	3
121	f88838f6054d2261ef6f8784d	 Old people will love this movie , and I mean that in the nicest possible way : Last Orders will touch the heart of anyone old enough to have earned a 50-year friendship .	2
122	d75e889d8fc43d83bfc7745cc	 Meyjes ' provocative film might be called an example of the haphazardness of evil .	3
123	3ae33d42366e79d4bb3b3f348	 Tian emphasizes the isolation of these characters by confining color to Liyan 's backyard .	2
124	e6857297bda5587b3309a3246	 The movie is pretty funny now and then without in any way demeaning its subjects .	3
125	7c43eec1c343fff05c997ab67	 imagine a scenario where Bergman approaches Swedish fatalism using Gary Larson 's Far Side humor	3
126	da83e72656b7f27957792378b	 Too damn weird to pass up , and for the blacklight crowd , way cheaper -LRB- and better -RRB- than Pink Floyd tickets .	3
127	8431c2bf8b6428579e9cae9c8	 It is most remarkable not because of its epic scope , but because of the startling intimacy it achieves despite that breadth .	4
128	882d4c6c3f36f8caa82fa6095	 It 's not a great monster movie .	1
129	5437450258b0c0cdb52708127	 But if you 've paid a matinee price and bought a big tub of popcorn , there 's guilty fun to be had here .	2
130	9f9018d60bfeb350be6309be7	 Chomp chomp !	2
131	bde6cd766e6eb068943762cae	 The Grey Zone gives voice to a story that needs to be heard in the sea of Holocaust movies ... but the film suffers from its own difficulties .	2
132	9cfca16cb5a7958aabb48f53d	 Others , more attuned to the anarchist maxim that ` the urge to destroy is also a creative urge ' , or more willing to see with their own eyes , will find Morrison 's iconoclastic uses of technology to be liberating .	4
133	3a0cabc195d460d75dd9619fe	 Miller tells this very compelling tale with little fuss or noise , expertly plucking tension from quiet .	3
134	937ff366b0af59d49e0b47e92	 Time Out is existential drama without any of the pretension associated with the term .	3
135	4efa7875e60df76c31b769efa	 It 's a sweet , laugh-a-minute crowd pleaser that lifts your spirits as well as the corners of your mouth .	3
136	806bfb907dcadc671aadcc9bf	 Writer\/director Alexander Payne -LRB- Election -RRB- and his co-writer Jim Taylor brilliantly employ their quirky and fearless ability to look American angst in the eye and end up laughing .	3
137	d92920c1522b6a8709cba30d9	 A movie that at its best does n't just make the most out of its characters ' flaws but insists on the virtue of imperfection .	2
138	39b705b2c4a132207ee9c747e	 It 's tough to watch , but it 's a fantastic movie .	4
139	1b25fc2d1e1466df7744ddb9e	 The best animated feature to hit theaters since Beauty and the Beast 11 years ago .	4
140	aa3145a6475feccc19ed1b26f	 What saves this deeply affecting film from being merely a collection of wrenching cases is Corcuera 's attention to detail .	3
141	8fb231886bfcce7ae7d485864	 Pacino is the best he 's been in years and Keener is marvelous .	4
142	4960d8629e499ce5f9e09eca4	 A solid , spooky entertainment worthy of the price of a ticket .	3
143	fe34823a772c1bec2ec694b4f	 By turns fanciful , grisly and engagingly quixotic .	3
144	fe84ce55445ca7f3070824db1	 ... very funny , very enjoyable ...	4
145	0a71d393a9d46e955d8c388e1	 Adaptation is intricately constructed and in a strange way nails all of Orlean 's themes without being a true adaptation of her book .	3
146	5bd811e5427988431ad6f49fa	 So purely enjoyable that you might not even notice it 's a fairly straightforward remake of Hollywood comedies such as Father of the Bride .	3
147	8e565b88688cbbebacfd5cdfe	 Moonlight Mile gives itself the freedom to feel contradictory things .	3
148	783652ae90ec72e68fdadf5aa	 It is sentimental but feels free to offend , is analytical and then surrenders to the illogic of its characters , is about grief and yet permits laughter .	4
149	f42a1e0ad07c1f0b1c25c914d	 The real triumphs in Igby come from Philippe , who makes Oliver far more interesting than the character 's lines would suggest , and Sarandon , who could n't be better as a cruel but weirdly likable WASP matron .	3
150	2fb96c19164d82c535d49d12c	 Robin Williams has thankfully ditched the saccharine sentimentality of Bicentennial Man in favour of an altogether darker side .	3
151	ecaa55aa1d4a39857d55f9624	 If you 're willing to have fun with it , you wo n't feel cheated by the high infidelity of Unfaithful .	3
152	1e81f8f402291154810589cdf	 Australia : Land Beyond Time is an enjoyable Big Movie primarily because Australia is a weirdly beautiful place .	3
153	79924563a1a4e7b67fe443072	 Hoffman 's performance is authentic to the core of his being .	3
154	782dca9fd20b86779a739ef48	 Told just proficiently enough to trounce its overly comfortable trappings .	3
155	5e50938c313789024489cc0af	 An enthralling aesthetic experience , one that 's steeped in mystery and a ravishing , baroque beauty .	4
156	0f09158623132f5934d18f56f	 The quirky drama touches the heart and the funnybone thanks to the energetic and always surprising performance by Rachel Griffiths .	4
157	ee723269e069bfed13ef2aba8	 A captivating coming-of-age story that may also be the first narrative film to be truly informed by the wireless age .	4
158	e90f1f88f26a7b9977b093259	 What could have been a daytime soap opera is actually a compelling look at a young woman 's tragic odyssey .	3
159	25d4e3e738e3cc88962c40823	 Duvall is strong as always .	4
160	5665a250fb99c7dcc2b633621	 A no-holds-barred cinematic treat .	4
161	4b4df25d3a1ab51c3f5098963	 You 'd have to be a most hard-hearted person not to be moved by this drama .	3
162	f33dc0ae051446a22f5a34250	 Allen 's underestimated charm delivers more goodies than lumps of coal .	3
163	a2425c1e0db889e16859149ac	 Measured against practically any like-themed film other than its Oscar-sweeping franchise predecessor The Silence of the Lambs , Red Dragon rates as an exceptional thriller .	4
164	e1bcec7838b556a1a99ecc983	 An exhilarating serving of movie fluff .	2
165	dbf1bc4601f08c2cba0d5bacb	 Maelstrom is strange and compelling , engrossing and different , a moral tale with a twisted sense of humor .	4
166	719a991bace9f9d20f8dd04a1	 It makes you believe the cast and crew thoroughly enjoyed themselves and believed in their small-budget film .	3
167	d6fa20c4c89259811df95c83c	 Dark and disturbing , yet compelling to watch .	2
168	6822e216ac7eb0e3ec1c4a9ba	 Too often , Son of the Bride becomes an exercise in trying to predict when a preordained `` big moment '' will occur and not `` if . ''	1
169	e247466d0b1a1f5fadd975f15	 The picture uses humor and a heartfelt conviction to tell a story about discovering your destination in life , but also acknowledging the places , and the people , from whence you came .	3
170	7c8bcc8c6b0f9e4b0f77fb910	 A solid piece of journalistic work that draws a picture of a man for whom political expedience became a deadly foreign policy .	2
171	032b2223277bdb0b790edcf5b	 A terrific insider look at the star-making machinery of tinseltown .	3
172	6cdf1755f8f8e65ee99fd3c34	 It 's a diverting enough hour-and-a-half for the family audience .	3
173	c692091e0023ba8b12543bc88	 A party-hearty teen flick that scalds like acid .	1
174	bcd767fa17f071cb2c7afb44e	 As giddy and whimsical and relevant today as it was 270 years ago .	4
175	3f83fd7406562b80474da0fdb	 The film offers an intriguing what-if premise .	4
176	f0261a2282e2001506ad742b2	 The Pianist is the film Roman Polanski may have been born to make .	3
177	11166dc3f5323f5d3d3b44e49	 This version does justice both to Stevenson and to the sci-fi genre .	3
178	9a4af8bf68f8a0c79bfe26f47	 Poignant and delicately complex .	3
179	6d7ce4f8ab92775541f8081db	 Enough may pander to our basest desires for payback , but unlike many revenge fantasies , it ultimately delivers .	3
180	5d6c4e7b1814c1f57ce8cddff	 Cho 's latest comic set is n't as sharp or as fresh as I 'm the One That I Want ... but it 's still damn funny stuff .	3
181	abe70a30e16d9d484c466b8e5	 In The Pianist , Polanski is saying what he has long wanted to say , confronting the roots of his own preoccupations and obsessions , and he allows nothing to get in the way .	3
182	a783db637c55bbfc3222fb976	 Despite the film 's shortcomings , the stories are quietly moving .	3
183	d0dd0c8c0a7a9f2b3d5558b65	 Those who love Cinema Paradiso will find the new scenes interesting , but few will find the movie improved .	2
184	66b47f10ba158b7147201c0d7	 If you come from a family that eats , meddles , argues , laughs , kibbitzes and fights together , then go see this delightful comedy .	3
185	216d1007a309cb6cde265c8a9	 This bracingly truthful antidote to Hollywood teenage movies that slather Clearasil over the blemishes of youth captures the combustible mixture of a chafing inner loneliness and desperate grandiosity that tend to characterize puberty .	3
186	386c90d4f9728ca16d8908b70	 The reason to see `` Sade '' lay with the chemistry and complex relationship between the marquis -LRB- Auteil -RRB- and Emilie -LRB- Le Besco -RRB- .	2
187	eeca98fec255bc17717644990	 It 's the filmmakers ' post-camp comprehension of what made old-time B movies good-bad that makes Eight Legged Freaks a perfectly entertaining summer diversion .	3
188	7977025ed540a477bb5930bd5	 The film 's strength is n't in its details , but in the larger picture it paints - of a culture in conflict with itself , with the thin veneer of nationalism that covers our deepest , media-soaked fears .	3
189	c2ccdcf2825b131e3665f6086	 ... best seen as speculative history , as much an exploration of the paranoid impulse as a creative sequel to the Warren Report .	2
190	18e9977f0d6c0884afb3ae03d	 It has its faults , but it is a kind , unapologetic , sweetheart of a movie , and Mandy Moore leaves a positive impression .	3
191	9c0a3b1cc89d49707537c82d9	 The Saigon of 1952 is an uneasy mix of sensual delights and simmering violence , and The Quiet American brings us right into the center of that world .	3
192	a1ede8b937b68eedd379b0947	 Despite its shortcomings , Girls Ca n't Swim represents an engaging and intimate first feature by a talented director to watch , and it 's a worthy entry in the French coming-of-age genre .	3
193	30055913109a853ae9973d902	 Flawed , but worth seeing for Ambrose 's performance .	2
194	e78b23f4a495dbe07da0aea43	 With Dirty Deeds , David Caesar has stepped into the mainstream of filmmaking with an assurance worthy of international acclaim and with every cinematic tool well under his control -- driven by a natural sense for what works on screen .	4
195	b9f4cf82d3b280feb7d1035b0	 The humor and humanity of Monsoon Wedding are in perfect balance .	3
196	86d88571fc9eca8aebb3c7eb7	 Lookin ' for sin , American-style ?	1
197	0b41da12426bc9291be302005	 Try Hell House , which documents the cautionary Christian spook-a-rama of the same name .	2
198	c02fdd178e6b2ad3313cf1899	 A compelling motion picture that illustrates an American tragedy .	4
199	12b0ac815a5c155328082dae3	 As comedic spotlights go , Notorious C.H.O. hits all the verbal marks it should .	3
200	1a37dbdee7fff4fddea5ab28e	 It 's a day at the beach -- with air conditioning and popcorn .	3
201	809d7080e9d60901f126a6659	 Frida is n't that much different from many a Hollywood romance .	1
202	8ed5ef09a5b8a8563c0b3fce2	 What sets it apart is the vision that Taymor , the avant garde director of Broadway 's The Lion King and the film Titus , brings .	3
203	a5e4c2815061b76fbb8e50b21	 Stevens has a flair for dialogue comedy , the film operates nicely off the element of surprise , and the large cast is solid .	4
204	81cd21648957f3058f48750c7	 Extremely well acted by the four primary actors , this is a seriously intended movie that is not easily forgotten .	4
205	8db7106a3a9dbef4ce6a110f3	 The film exudes the urbane sweetness that Woody Allen seems to have bitterly forsaken .	3
206	01ec1ba27ca37019a080f9c64	 K-19 : The Widowmaker is derivative , overlong , and bombastic -- yet surprisingly entertaining .	3
207	070102e510ce3bac6edfddfb0	 It 's good , hard-edged stuff , violent and a bit exploitative but also nicely done , morally alert and street-smart .	3
208	cf93aeff950d0dc6bd8310fa6	 Cineasts will revel in those visual in-jokes , as in the film 's verbal pokes at everything from the likes of Miramax chief Harvey Weinstein 's bluff personal style to the stylistic rigors of Denmark 's Dogma movement .	3
209	a33453c8dcc1d6683f1e49df9	 It 's a rare window on an artistic collaboration .	3
210	93608d8af0293f0d6b4d804b3	 ... begins with promise , but runs aground after being snared in its own tangled plot .	1
211	7ee1b59d5edd9939d6c0c1f6a	 Perhaps the best sports movie I 've ever seen .	4
212	ea98e36e3584c6e8a6799af21	 Cho 's timing is priceless .	4
213	c252334f99ebef026336158f3	 ... creates a visceral sense of its characters ' lives and conflicted emotions that carries it far above ... what could have been a melodramatic , Lifetime Channel-style anthology .	2
214	276192c3e9febe1d8f169ceae	 A sensitive , moving , brilliantly constructed work .	4
215	dd543a9ed879f8033bb55dd01	 An edgy thriller that delivers a surprising punch .	3
216	0568df3139a2560c954f5ba27	 A reasonably entertaining sequel to 1994 's surprise family hit that may strain adult credibility .	3
217	5c76379bffae8b18b73690cb9	 -LRB- Reno -RRB- delivers a monologue that manages to incorporate both the horror and the absurdity of the situation in a well-balanced fashion .	3
218	a0af64b79bfad0e5f287bb9db	 there is truth here	3
219	efccc6b985ac0ebfce6baef69	 a confident , richly acted , emotionally devastating piece of work and 2002 's first great film	4
220	c7ddff3a1f67762ebd6214161	 A touching , small-scale story of family responsibility and care in the community .	3
221	e76fc8067ecc4998e1bc6090b	 Arteta directs one of the best ensemble casts of the year	4
222	7c6f6283f9cff4260bdddeaf1	 The casting of von Sydow ... is itself Intacto 's luckiest stroke .	3
223	b4921dc11388856116ae59937	 No , it 's not as single-minded as John Carpenter 's original , but it 's sure a lot smarter and more unnerving than the sequels .	3
224	4e57747b39a0716147fe99a64	 A gem of a romantic crime comedy that turns out to be clever , amusing and unpredictable .	4
225	9efe6e9a9898dbe8748992aa7	 Stands as one of the year 's most intriguing movie experiences , letting its imagery speak for it while it forces you to ponder anew what a movie can be .	4
226	5955e085af6749fa81a2ff8e7	 ... the first 2\/3 of the film are incredibly captivating and insanely funny , thanks in part to interesting cinematic devices -LRB- cool visual backmasking -RRB- , a solid cast , and some wickedly sick and twisted humor ...	4
227	011fcaa1148ee4366f829ff9f	 This movie got me grinning .	3
228	b3a541050d45cdff47425b350	 There 's a part of us that can not help be entertained by the sight of someone getting away with something .	3
229	747c585d107ed084df8fc2f4b	 An old-fashioned drama of substance about a teacher 's slide down the slippery slope of dishonesty after an encounter with the rich and the powerful who have nothing but disdain for virtue .	3
230	8b6eb8ab5f7ae23e1457de7a2	 What 's not to like about a movie with a ` children 's ' song that includes the line ` My stepdad 's not mean , he 's just adjusting ' ?	3
231	5b2328f5f2a200893f9ae7ce1	 This English-language version ... does full honor to Miyazaki 's teeming and often unsettling landscape , and to the conflicted complexity of his characters .	2
232	3bfcadf33ed25529d01bc2050	 The pleasures that it does afford may be enough to keep many moviegoers occupied amidst some of the more serious-minded concerns of other year-end movies .	3
233	835946fdb371bea6fa4ca312b	 Not everyone will welcome or accept The Trials of Henry Kissinger as faithful portraiture , but few can argue that the debate it joins is a necessary and timely one .	3
234	fce22cbd9c30fccee05abd720	 There are no special effects , and no Hollywood endings .	3
235	4feb4ddc5f2fef63d9107a73a	 Like the original , this version is raised a few notches above kiddie fantasy pablum by Allen 's astringent wit .	3
236	681ecd849e9988418a901f397	 Despite its Hawaiian setting , the science-fiction trimmings and some moments of rowdy slapstick , the basic plot of `` Lilo '' could have been pulled from a tear-stained vintage Shirley Temple script .	1
237	438f635b11efa60380b368eb9	 A brutally honest documentary about a much anticipated family reunion that goes wrong thanks to culture shock and a refusal to empathize with others .	2
238	2936e60ad12a463ecc044fc3e	 Filled with honest performances and exceptional detail , Baran is a gentle film with dramatic punch , a haunting ode to humanity .	4
239	c258a489cbe5f8d5d1116da14	 Sparkles in its deft portrait of Tinseltown 's seasoned veterans of gossip , wealth , paranoia , and celebrityhood .	2
240	1b47f39c09450235261e9f981	 In its dry and forceful way , it delivers the same message as Jiri Menzel 's Closely Watched Trains and Danis Tanovic 's No Man 's Land .	3
241	f5f3717108e7c4ee72ca0cbf2	 ... a triumph of emotionally and narratively complex filmmaking .	4
242	8696bbff37e3346a784e8a5b4	 -LRB- Haynes ' -RRB- homage to such films as `` All That Heaven Allows '' and `` Imitation of Life '' transcends them .	2
243	938c38a72a189e68e1f8fe7d6	 Simply put , `` Far From Heaven '' is a masterpiece .	4
244	8514556a8ce5943ab469f83da	 An intense and effective film about loneliness and the chilly anonymity of the environments where so many of us spend so much of our time .	3
245	0e5611e2d3bd5b12564eba365	 Although fairly involving as far as it goes , the film does n't end up having much that is fresh to say about growing up Catholic or , really , anything .	1
246	8aba8b2e7cafafbea261e002a	 Proves mainly that South Korean filmmakers can make undemanding action movies with all the alacrity of their Hollywood counterparts .	2
247	87b3e32d6f2544c75fd4a3fc6	 A very funny romantic comedy about two skittish New York middle-agers who stumble into a relationship and then struggle furiously with their fears and foibles .	3
248	38f81ce3f84767338ec260be5	 Top-notch action powers this romantic drama .	4
249	362c2647ee69590b1b71bcbe2	 Beresford nicely mixes in as much humor as pathos to take us on his sentimental journey of the heart .	3
250	f4205dd7c0ba6e4e29460f137	 It really is a shame that more wo n't get an opportunity to embrace small , sweet ` Evelyn . '	3
251	582c9d57db9f36c466f93d267	 I stopped thinking about how good it all was , and started doing nothing but reacting to it - feeling a part of its grand locations , thinking urgently as the protagonists struggled , feeling at the mercy of its inventiveness , gasping at its visual delights .	4
252	5c5a2f353d36d2f0de008bc5f	 Probably the best case for Christianity since Chesterton and Lewis .	3
253	6bcdf863303478f6bc2e3547e	 A gently funny , sweetly adventurous film that makes you feel genuinely good , that is to say , entirely unconned by false sentiment or sharp , overmanipulative Hollywood practices .	3
254	d404356b193224b716eaf593f	 Would be an unendurable viewing experience for this ultra-provincial New Yorker if 26-year-old Reese Witherspoon were not on hand to inject her pure fantasy character , Melanie Carmichael , with a massive infusion of old-fashioned Hollywood magic .	3
255	f609d05c4a3c8a6f85ea3b3df	 Visually fascinating ... an often intense character study about fathers and sons , loyalty and duty .	3
256	04011235f84e3a29dc6827c31	 A lyrical metaphor for cultural and personal self-discovery and a picaresque view of a little-remembered world .	3
257	04c3031c88ca304489f2856b1	 Schütte 's dramatic snapshot of the artist three days before his death offers an interesting bit of speculation as to the issues Brecht faced as his life drew to a close .	3
258	c59ca63b0d9efbe45b106eeba	 A slick , engrossing melodrama .	4
259	8ab4425ba24448f5b16d6c8f2	 S1M0NE 's satire is not subtle , but it is effective .	3
260	eaafd541e946afc2fa96b54d5	 It 's a quirky , off-beat project .	3
261	7fb8fe63236872cc4da1b9e3b	 While some will object to the idea of a Vietnam picture with such a rah-rah , patriotic tone , Soldiers ultimately achieves its main strategic objective : dramatizing the human cost of the conflict that came to define a generation .	1
262	3a39faaba63dcbec5ac30bc9b	 Even if you do n't know the band or the album 's songs by heart , you will enjoy seeing how both evolve , and you will also learn a good deal about the state of the music business in the 21st Century .	3
263	f54c576222b98651092207969	 The solid filmmaking and convincing characters makes this a high water mark for this genre .	4
264	0a3f40b8f960347038445fb4a	 Films about loss , grief and recovery are pretty valuable these days .	3
265	87fbfc2676c624885507d4d3f	 Seen in that light , Moonlight Mile should strike a nerve in many .	3
266	de57d9fc714c65c542c22b3d0	 It 's endlessly inventive , consistently intelligent and sickeningly savage .	4
267	5a5d76ab25d351ac4830abd47	 It is definitely worth seeing .	4
268	5710e6d11831ed11259c73f25	 An impeccable study in perversity .	3
269	7e97ded412f1f27d5c995f629	 Far From Heaven is a dazzling conceptual feat , but more than that , it 's a work of enthralling drama .	3
270	956e409de10b2577b8cbc75e1	 A movie that both thrills the eye and , in its over-the-top way , touches the heart .	4
271	e7496edb0fb38814675106756	 Stuffed to the brim with ideas , American instigator Michael Moore 's film is a rambling examination of American gun culture that uses his usual modus operandi of crucifixion through juxtaposition .	3
272	9baddb8b24767efc49316a342	 Affectionately reminds us that , in any language , the huge stuff in life can usually be traced back to the little things .	3
273	0be4c3c02dd4595b1119b7061	 A drama of great power , yet some members of the audience will leave the theater believing they have seen a comedy .	2
274	2ee405f675df1622ead3529a3	 The large-frame IMAX camera lends itself beautifully to filming the teeming life on the reefs , making this gorgeous film a must for everyone from junior scientists to grown-up fish lovers .	4
275	d0d3eb63b2b0b5ddeb83a9378	 The result is more depressing than liberating , but it 's never boring .	2
276	d00e802a169ce8851957238f5	 A story about intelligent high school students that deals with first love sweetly but also seriously .	3
277	612dc62241f1fe557cb262a82	 It is also beautifully acted .	4
278	3b6e4e5135468941715e17383	 It is n't that the picture is unfamiliar , but that it manages to find new avenues of discourse on old problems .	2
279	866d31adde4a54a486803fa46	 Same song , second verse , coulda been better , but it coulda been worse .	2
280	c29f5804494a9cbf868bb4bd4	 It 's a technically superb film , shining with all the usual Spielberg flair , expertly utilizing the talents of his top-notch creative team .	4
281	bbc2b22be7989487dea550be8	 Wilco fans will have a great time , and the movie should win the band a few new converts , too .	3
282	fbe20fc8a6909c27977354d89	 Tsai has a well-deserved reputation as one of the cinema world 's great visual stylists , and in this film , every shot enhances the excellent performances .	3
283	2b9e950becf68c3fe74554a66	 The date movie that Franz Kafka would have made .	2
284	626c6821ef3b2cec079b1db88	 The fact is that the screen is most alive when it seems most likely that Broomfield 's interviewees , or even himself , will not be for much longer .	3
285	229e21aec421c3ee201373067	 Leguizamo and Jones are both excellent and the rest of the cast is uniformly superb .	4
286	94391aef013cc7f0c7f9b762d	 I liked this film a lot ...	3
287	36642c8b1241668b69d19a86d	 ... there is enough originality in ` Life ' to distance it from the pack of paint-by-number romantic comedies that so often end up on cinema screens .	3
288	c8d618e47ecb494e7dae28d3b	 A solid and refined piece of moviemaking imbued with passion and attitude .	4
289	68e85838e7de303f56bb09f09	 Nettelbeck has crafted an engaging fantasy of flavours and emotions , one part romance novel , one part recipe book .	3
290	b96bc979f62dfedf5b0db4ca6	 With or without the sex , a wonderful tale of love and destiny , told well by a master storyteller	4
291	e64eb72a6500dc7aa36a3aead	 On the surface a silly comedy , Scotland , PA would be forgettable if it were n't such a clever adaptation of the bard 's tragic play .	3
292	8e80a1875b25e62ca69f7ab9e	 A weird , arresting little ride .	3
293	1e9fe640104864fe204320a0d	 A fine film , but it would be a lot better if it stuck to Betty Fisher and left out the other stories .	2
294	2bb0148a16ac067997b39803e	 A first-class road movie that proves you can run away from home , but your ego and all your problems go with you .	4
295	34bb278d888233e92fb98da20	 You might want to take a reality check before you pay the full ticket price to see `` Simone , '' and consider a DVD rental instead .	1
296	b31d68e73bf85fa5289c1bf7b	 Well cast and well directed - a powerful drama with enough sardonic wit to keep it from being maudlin .	4
297	fe720d93ffff7df22380a7485	 A backstage must-see for true fans of comedy .	4
298	6b4ba725d2fe3f5113e3790ab	 There 's back-stabbing , inter-racial desire and , most importantly , singing and dancing .	3
299	c424a76203fbfa38c6ab1a12a	 The film sounds like the stuff of lurid melodrama , but what makes it interesting as a character study is the fact that the story is told from Paul 's perspective .	3
300	6f66757b1ef943032c461f0a9	 Jones ... makes a great impression as the writer-director of this little $ 1.8 million charmer , which may not be cutting-edge indie filmmaking but has a huge heart .	4
301	0fe2d6c36ded3a67c085769e0	 In the disturbingly involving family dysfunctional drama How I Killed My Father , French director Anne Fontaine delivers an inspired portrait of male-ridden angst and the emotional blockage that accompanies this human condition	3
302	f8fd7b8414ae7234c0f76700c	 Below may not mark Mr. Twohy 's emergence into the mainstream , but his promise remains undiminished .	3
303	02dbca7598ea4ddfd68b508af	 There 's no reason to miss Interview with the Assassin	4
304	a47b4d23d99d47b90b1d5960b	 Happily stays close to the ground in a spare and simple manner and does n't pummel us with phony imagery or music .	4
305	e8ab2ac260d8512e78a16fd69	 Its sheer dynamism is infectious .	3
306	bc7bcc671bb549df4a64251cd	 For his first attempt at film noir , Spielberg presents a fascinating but flawed look at the near future .	3
307	e3e1151b4603c066b2c4224bd	 it somehow managed to make its way past my crappola radar and find a small place in my heart	2
308	ea059eaeca7a211e6b98878b4	 Perhaps it 's cliche to call the film ` refreshing , ' but it is .	4
309	732cfd92c2a1339860338ce78	 ` Drumline ' shows a level of young , Black manhood that is funny , touching , smart and complicated .	4
310	8d6610833d65e29a8ba4bfd92	 It does give a taste of the Burning Man ethos , an appealing blend of counter-cultural idealism and hedonistic creativity .	3
311	5d20bd5f1e0702164d31bac33	 The limited sets and small confined and dark spaces also are homages to a classic low-budget film noir movie .	2
312	24db3c95d7ad20088f805733c	 The movie is well done , but slow .	1
313	9ecdbe38f9898ddc1e3b63912	 -LRB- A -RRB- wonderfully loopy tale of love , longing , and voting .	4
314	e48f573450332d877da7fa12d	 The fascination comes in the power of the Huston performance , which seems so larger than life and yet so fragile , and in the way the Ivan character accepts the news of his illness so quickly but still finds himself unable to react .	3
315	2ff0230724bd3f1f7974a9edf	 The last scenes of the film are anguished , bitter and truthful .	3
316	cc2f1e9d6ee32c5ba50eb2aaa	 Mr. Koshashvili is a director to watch .	4
317	1f605c2949dfed56367b4290e	 Predictable storyline and by-the-book scripting is all but washed away by sumptuous ocean visuals and the cinematic stylings of director John Stockwell .	3
318	490eef7433206b14690baa2c7	 Antwone Fisher certainly does the trick of making us care about its protagonist and celebrate his victories but , with few exceptions , it rarely stoops to cheap manipulation or corny conventions to do it .	3
319	cab84e8a993b92f6047783322	 One feels the dimming of a certain ambition , but in its place a sweetness , clarity and emotional openness that recalls the classics of early Italian neorealism .	3
320	167e370bd151b6cabf7b7bc0b	 It challenges , this nervy oddity , like modern art should .	3
321	d92b02e5e58066b28eebbec1a	 Whenever you think you 've figured out Late Marriage , it throws you for a loop .	3
322	dc9af564c83ecb4234f303320	 The Pianist is Polanski 's best film .	4
323	16788446cb8f536dcfb742a37	 It is a testament of quiet endurance , of common concern , of reconciled survival .	2
324	810a7aac3caff88ce1ae0b5b5	 This Orange has some juice , but it 's far from fresh-squeezed .	1
325	54386010fd0886823e42ab81b	 A sensitive , modest comic tragedy that works as both character study and symbolic examination of the huge economic changes sweeping modern China .	3
326	6a24f4bb295b177c99a80516c	 High Crimes knows the mistakes that bad movies make and is determined not to make them , and maybe that is nobility of a sort .	2
327	316129544a03f9212d009a970	 Cusack 's just brilliant in this .	4
328	a5eeae540cea6f41918b04e4d	 Knows how to make our imagination wonder .	4
329	b50a4f457c9bfd55f3ad87acb	 Jae-eun Jeong 's Take Care of My Cat brings a beguiling freshness to a coming-of-age story with such a buoyant , expressive flow of images that it emerges as another key contribution to the flowering of the South Korean cinema .	3
330	6c03bc9d3c0c1beaf266372f6	 The overall fabric is hypnotic , and Mr. Mattei fosters moments of spontaneous intimacy .	4
331	8f07e75dc22ed3e7a91eb5937	 Evokes a palpable sense of disconnection , made all the more poignant by the incessant use of cell phones .	3
332	31f20fb2d567d5c4e656860f1	 Malcolm McDowell is cool .	3
333	d30b617313c3e2520bfc6560d	 Paul Bettany is cool .	3
334	c7412c2f949abc5e77ff821a1	 Paul Bettany playing Malcolm McDowell ?	2
335	e2b0b7fe1c767c874a494327a	 Cool .	3
336	e74c5a22c5a7b407b7b5d8aad	 A touching , sophisticated film that almost seems like a documentary in the way it captures an Italian immigrant family on the brink of major changes .	3
337	c8d16b16862ebc2dd044e12f6	 ... a trashy little bit of fluff stuffed with enjoyable performances and a bewildering sense of self-importance	2
338	c7ee1287ff9f196e1c1e763cc	 An inventive , absorbing movie that 's as hard to classify as it is hard to resist .	4
339	868d285ca2728de7a4d3cfd86	 It made me want to get made-up and go see this movie with my sisters .	3
340	184a037b6d99c416c442ed6e9	 I thought the relationships were wonderful , the comedy was funny , and the love ` real ' .	4
341	90d96c639f094ab2a7c43e3ea	 -LRB- Caine -RRB- proves once again he has n't lost his touch , bringing off a superb performance in an admittedly middling film .	3
342	a91c7100a6293f3c72ab3936a	 Bogdanovich puts history in perspective and , via Kirsten Dunst 's remarkable performance , he showcases Davies as a young woman of great charm , generosity and diplomacy .	3
343	00ba360553b12b20ef1182c33	 This breezy caper movie becomes a soulful , incisive meditation on the way we were , and the way we are .	3
344	f9d0fcc0e1d77018e0ae9fa7e	 A captivating new film .	4
345	b78a16c9f16b151f7009d0a75	 Those who are n't put off by the film 's austerity will find it more than capable of rewarding them .	4
346	de0807cfd6fc6953601ba59cc	 It 's a clear-eyed portrait of an intensely lived time , filled with nervous energy , moral ambiguity and great uncertainties .	3
347	54d505d32842d444295cdc877	 Reveals how important our special talents can be when put in service of of others .	3
348	18f2d13a228ede5104fd04f51	 It also shows how deeply felt emotions can draw people together across the walls that might otherwise separate them .	3
349	68e8cabb9048606143b4c2aea	 With the same sort of good-natured fun found in films like Tremors , Eight Legged Freaks is prime escapist fare .	4
350	2fb006e5393ec75366ccc97fb	 A sharp , amusing study of the cult of celebrity .	3
351	c02a1dc95ea56dfb0760375b7	 The sentimental cliches mar an otherwise excellent film .	3
352	430305fbb6fe0a43547e0484e	 A powerful performance from Mel Gibson and a brutal 90-minute battle sequence that does everything but issue you a dog-tag and an M-16 .	4
353	cf7cdaaa7746992e2be83300a	 A graceful , moving tribute to the courage of New York 's finest and a nicely understated expression of the grief shared by the nation at their sacrifice .	4
354	d49a6eb688d84360c9fd30f12	 A coming-of-age tale from New Zealand whose boozy , languid air is balanced by a rich visual clarity and deeply felt performances across the board .	3
355	b003c9b9754f5dad384023bee	 Made to be Jaglomized is the Cannes Film Festival , the annual Riviera spree of flesh , buzz , blab and money .	1
356	4a6922fe1c7415fd029fe261e	 The charming result is Festival in Cannes .	3
357	077ce7b9a324e8694837fe837	 If you 're looking for something new and hoping for something entertaining , you 're in luck .	4
358	925421e3fbb9a24fd8aca9196	 A hugely rewarding experience that 's every bit as enlightening , insightful and entertaining as Grant 's two best films -- Four Weddings and a Funeral and Bridget Jones 's Diary .	4
359	9e2157cb4998ddc28cafa5c7a	 A rip-roaring comedy action fest that 'll put hairs on your chest .	3
360	6be1059a16c7001af509684a5	 If there 's no art here , it 's still a good yarn -- which is nothing to sneeze at these days .	3
361	9ba3430e899d6271a974d6771	 Simultaneously heart-breaking and very funny , The Last Kiss is really all about performances .	3
362	40c4f7bdc83e250a782bc8660	 There is a subversive element to this Disney cartoon , providing unexpected fizzability .	3
363	097bfd694dc21315a56661bfc	 An unforgettable look at morality , family , and social expectation through the prism of that omnibus tradition called marriage .	3
364	0a13f5c5bbc51a67a6751802b	 An enjoyable , if occasionally flawed , experiment .	3
365	fed1e0e183825604ef83b6bb6	 Miyazaki is one of world cinema 's most wondrously gifted artists and storytellers .	4
366	993ca07adcaa4b65762bcf7a5	 If Ayurveda can help us return to a sane regimen of eating , sleeping and stress-reducing contemplation , it is clearly a good thing .	3
367	dff51cdce1bb3477347cdffae	 Meeting , even exceeding expectations , it 's the best sequel since The Empire Strikes Back ... a majestic achievement , an epic of astonishing grandeur and surprising emotional depth .	4
368	56d9f197e47079f209a06f875	 Leigh is one of the rare directors who feels acting is the heart and soul of cinema .	4
369	33cc4ba16c7db00cb6c9a673b	 He allows his cast members to make creative contributions to the story and dialogue .	3
370	f08290718e02276e8266da4ab	 This method almost never fails him , and it works superbly here .	4
371	b2a062ced6aa1af97dda58e50	 Poetry in motion captured on film .	4
372	49798c76cb23596c689cb77a9	 While it can be a bit repetitive , overall it 's an entertaining and informative documentary .	3
373	4df5cefe8d07a3b0f940c3c2c	 Directing with a sure and measured hand , -LRB- Haneke -RRB- steers clear of the sensational and offers instead an unflinching and objective look at a decidedly perverse pathology .	3
374	66134cd414f3ccab17232bfeb	 The entire movie establishes a wonderfully creepy mood .	4
375	2585a64d5005525e48d062370	 I found The Ring moderately absorbing , largely for its elegantly colorful look and sound .	3
376	489238bf2b5f4585b36564647	 The filmmakers want nothing else than to show us a good time , and in their cheap , B movie way , they succeed .	3
377	1aa71873e6578f58c68445729	 Amari has dressed up this little parable in a fairly irresistible package full of privileged moments and memorable performances .	4
378	d096a0beb2fe426018eea6a1c	 Rabbit-Proof Fence will probably make you angry .	2
379	8ca4c3d6f0bb6049b019515a8	 But it will just as likely make you weep , and it will do so in a way that does n't make you feel like a sucker .	3
380	c9884edb11d490d0ac69a1fb5	 Both heartbreaking and heartwarming ... just a simple fable done in an artless sytle , but it 's tremendously moving .	4
381	c093d15d57695abd166156e5b	 This masterfully calibrated psychological thriller thrives on its taut performances and creepy atmosphere even if the screenplay falls somewhat short .	3
382	d5f5db670694d15e6802a0546	 The film 's sense of imagery gives it a terrible strength , but it 's propelled by the acting .	3
383	54b664f73261fc2132942545b	 The Pianist -LRB- is -RRB- a supremely hopeful cautionary tale of war 's madness remembered that we , today , can prevent its tragic waste of life .	4
384	b2b15a3da9097b7d1daebae7f	 Here is a divine monument to a single man 's struggle to regain his life , his dignity and his music .	4
385	05f5357890575274b5b7edb28	 Strange it is , but delightfully so .	3
386	124b81259c64389c84b9da76b	 Elegant , mannered and teasing .	3
387	83e5a3065cc7b9c330f6cc675	 An average coming-of-age tale elevated by the wholesome twist of a pesky mother interfering during her son 's discovery of his homosexuality .	2
388	cc9e30b692813345c2fe367fb	 The ingenuity that Parker displays in freshening the play is almost in a class with that of Wilde himself .	4
389	b6baf3645f7834a3f8cae0b8d	 Decasia is what has happened already to so many silent movies , newsreels and the like .	2
390	8e206a6798959e72e2f48b551	 The unexpected thing is that its dying , in this shower of black-and-white psychedelia , is quite beautiful .	3
391	0f6c22da66760f3b1f010e2a3	 A droll , bitchy frolic which pokes fun at the price of popularity and small-town pretension in the Lone Star State .	1
392	62076451cdc2d4b6e6a79b018	 With each of her three protagonists , Miller eloquently captures the moment when a woman 's life , out of a deep-seated , emotional need , is about to turn onto a different path .	4
393	9d33dee570db5ab92b1008cf1	 Ryan Gosling ... is at 22 a powerful young actor .	4
394	a34b5528ee2944f02b1751300	 A minor work yet there 's no denying the potency of Miller 's strange , fleeting brew of hopeful perseverance and hopeless closure .	2
395	0efc2e51c2fa62941ee51c4b2	 As an introduction to the man 's theories and influence , Derrida is all but useless ; as a portrait of the artist as an endlessly inquisitive old man , however , it 's invaluable .	3
396	029057c9257de72f7bcb27fd5	 The film is a verbal duel between two gifted performers .	4
397	05af1f7f3c68e3011a73381ac	 Imperfect ?	1
398	eabd0112afad3c80cba256566	 Yes , but also intriguing and honorable , a worthwhile addition to a distinguished film legacy .	3
399	1f30b4ea0dc0680f9f39297c1	 You 'll get the enjoyable basic minimum .	2
400	76605edc4611b5f52a151d170	 But not a whit more .	2
401	0c40eaba66a3f15d17956b6f9	 What a great way to spend 4 units of your day .	3
402	1208484d820b70af02315c02d	 The movie is hardly a masterpiece , but it does mark Ms. Bullock 's best work in some time .	3
403	35097771cdc1240154b4ff65e	 As simple and innocent a movie as you can imagine .	3
404	c925bcda359265429af457c53	 This is a movie you can trust .	4
405	66b9a7fe577dca1aff700bcdb	 Passionate , irrational , long-suffering but cruel as a tarantula , Helga figures prominently in this movie , and helps keep the proceedings as funny for grown-ups as for rugrats .	3
406	79c89d9014426ed926ff61e47	 `` It 's all about the image . ''	2
407	899189cc01f802562d4661565	 Vividly conveys the passion , creativity , and fearlessness of one of Mexico 's most colorful and controversial artists -- a captivating drama that will speak to the nonconformist in us all .	4
408	e5124149e408740436bd399e3	 Hollywood Ending is not show-stoppingly hilarious , but scathingly witty nonetheless .	3
409	70a09c150140d3cbbd6a14925	 Maybe Thomas Wolfe was right : You ca n't go home again .	2
410	c9f883b72a3a479f03b87e350	 A compelling yarn , but not quite a ripping one .	3
411	afebd8c8c43616cb84bcf554f	 On the Granger Movie Gauge of 1 to 10 , The Powerpuff Girls is a fast , frenetic , funny , even punny 6 -- aimed specifically at a grade-school audience .	3
412	527bbe34637402b91a1da2fdd	 The film has several strong performances .	3
413	8f4b578e53f6bbf859d5152a6	 I 've never bought from telemarketers , but I bought this movie .	3
414	33fe3957f371b57af8f35b0ad	 Perfectly pitched between comedy and tragedy , hope and despair , About Schmidt instead comes far closer than many movies to expressing the way many of us live -- someplace between consuming self-absorption and insistently demanding otherness .	4
415	c5f8ed15f16baf2d6862bc514	 The funny thing is , I did n't mind all this contrived nonsense a bit .	2
416	a2e806de7dcfa60da646ac294	 -LRB- Shyamalan -RRB- turns the goose-pimple genre on its empty head and fills it with spirit , purpose and emotionally bruised characters who add up to more than body count .	3
417	82b9ffc14a0c65d0a954dab73	 A sexy , peculiar and always entertaining costume drama set in Renaissance Spain , and the fact that it 's based on true events somehow makes it all the more compelling .	4
418	fbdec9c495d58683af815966f	 An entertaining documentary that freshly considers arguments the Bard 's immortal plays were written by somebody else .	3
419	21651f7264b85d4d651271e4b	 A highly spirited , imaginative kid 's movie that broaches neo-Augustinian theology : Is God stuck in Heaven because He 's afraid of His best-known creation ?	4
420	9a1c34b1995c887d72c2a953e	 Call it magic realism or surrealism , but Miss Wonton floats beyond reality with a certain degree of wit and dignity .	4
421	35cf0235b3710effff9eaca33	 Raimi and his team could n't have done any better in bringing the story of Spider-Man to the big screen .	4
422	ab60b50e78a2d48f89bf14cdc	 The director explores all three sides of his story with a sensitivity and an inquisitiveness reminiscent of Truffaut .	3
423	426a6445d40225a062f7bf382	 Well-acted , well-directed and , for all its moodiness , not too pretentious .	4
424	c2492086fdc65468bd8fed5c5	 It 's a satisfying summer blockbuster and worth a look .	3
425	bca56208f2979a5fe0cd2887f	 Boomers and their kids will have a Barrie good time .	3
426	c66395d36c3722431c8ba7b9a	 Real Women Have Curves wears its empowerment on its sleeve but even its worst harangues are easy to swallow thanks to remarkable performances by Ferrera and Ontiveros .	3
427	65e26174344887b4bcffd71aa	 Ultimately , `` MIB II '' succeeds due to its rapid-fire delivery and enough inspired levity that it ca n't be dismissed as mindless .	3
428	38fd2772fb6ea1f629641624d	 Stage director Sam Mendes showcases Tom Hanks as a depression era hit-man in this dark tale of revenge .	3
429	2448a40a9a3fd977f376260b6	 Sitting in the third row of the IMAX cinema at Sydney 's Darling Harbour , but I sometimes felt as though I was in the tiny two seater plane that carried the giant camera around Australia , sweeping and gliding , banking and hovering over some of the most not	3
430	63e1bef3f491338481c291b01	 The real charm of this trifle is the deadpan comic face of its star , Jean Reno , who resembles Sly Stallone in a hot sake half-sleep .	2
431	9fc363831632cded7d4ec5f24	 What 's so fun about this silly , outrageous , ingenious thriller is the director 's talent .	4
432	71219827d28193adb9715654f	 Watching a Brian DePalma movie is like watching an Alfred Hitchcock movie after drinking twelve beers .	1
433	593adddc95084f503951e51c4	 Strip it of all its excess debris , and you 'd have a 90-minute , four-star movie .	3
434	0dc557112f6796ef80d43ea54	 As it is , it 's too long and unfocused .	0
435	301ec535cda56d76da416cca1	 An immensely entertaining look at some of the unsung heroes of 20th century pop music .	4
436	4c3347a20377d70a8e0170641	 This familiar rise-and-fall tale is long on glamour and short on larger moralistic consequences , though it 's told with sharp ears and eyes for the tenor of the times .	3
437	f34cb6dbcbc4fcb8bcb4599da	 This beautifully animated epic is never dull .	4
438	7428ce65f2bece9a59685ab0c	 Brian Tufano 's handsome widescreen photography and Paul Grabowsky 's excellent music turn this fairly parochial melodrama into something really rather special .	4
439	5951bb93f55c73b693a0e3c02	 It makes compelling , provocative and prescient viewing .	4
440	e918d19e0afbeb8dee1fdd31c	 A thoroughly entertaining comedy that uses Grant 's own twist of acidity to prevent itself from succumbing to its own bathos .	4
441	6658be5cf556e0298b346365b	 Using a stock plot , About a Boy injects just enough freshness into the proceedings to provide an enjoyable 100 minutes in a movie theater .	3
442	cabb2bc611f98467fdcc1c03e	 What Eric Schaeffer has accomplished with Never Again may not , strictly speaking , qualify as revolutionary .	2
443	2597356981492e1d57b361c51	 But it 's defiantly and delightfully against the grain .	3
444	80ee3f5870fc2264c177cca1b	 The hard-to-predict and absolutely essential chemistry between the down-to-earth Bullock and the nonchalant Grant proves to be sensational , and everything meshes in this elegant entertainment .	4
445	7e72365310dc0b57b2c05a291	 A positively thrilling combination of ethnography and all the intrigue , betrayal , deceit and murder of a Shakespearean tragedy or a juicy soap opera .	3
446	07351489fbc17334812f831c4	 Mr. Clooney , Mr. Kaufman and all their collaborators are entitled to take a deep bow for fashioning an engrossing entertainment out of an almost sure-fire prescription for a critical and commercial disaster .	3
447	63d7dc23077dd6a92a41edb73	 Definitely funny stuff , but it 's more of the ` laughing at ' variety than the ` laughing with . '	3
448	c64006acab48d6b9b975739d4	 Easily the most thoughtful fictional examination of the root causes of anti-Semitism ever seen on screen .	4
449	5997763b7776bcee540eeb35b	 A real winner -- smart , funny , subtle , and resonant .	4
450	941ee9b4b30736040883994f7	 Family portrait of need , neurosis and nervy negativity is a rare treat that shows the promise of digital filmmaking .	3
451	5f33c54ff6a2538f7a33b7e23	 The pitch must have read like a discarded House Beautiful spread .	2
452	5a54b02433292eb6e198c6833	 Uplifting as only a document of the worst possibilities of mankind can be , and among the best films of the year .	4
453	d4d6eaa1177202020793943b1	 Director David Jacobson gives Dahmer a consideration that the murderer never game his victims .	2
454	52996e51edf8764beb50b7373	 The film has a terrific look and Salma Hayek has a feel for the character at all stages of her life .	4
455	bc8ba76cf73dff508abb2d62f	 A decided lack of spontaneity in its execution and a dearth of real poignancy in its epiphanies .	0
456	a282221b7ada70fdb3a692486	 The performances are remarkable .	4
457	9c16de8ac662979f1ef3d7671	 It 's Burns ' visuals , characters and his punchy dialogue , not his plot , that carry waydowntown .	3
458	67513cbc9c58300d6671d273a	 As literary desecrations go , this makes for perfectly acceptable , occasionally very enjoyable children 's entertainment .	3
459	c02d1d0a391df8779a63e3d02	 You 'll forget about it by Monday , though , and if they 're old enough to have developed some taste , so will your kids .	0
460	ce30901115b1fdf34ee21ea41	 While I ca n't say it 's on par with the first one , Stuart Little 2 is a light , fun cheese puff of a movie .	3
461	93b76381c7b55906ea5b2c2bb	 Strange , funny , twisted , brilliant and macabre .	4
462	cfb78de53afcdfdb63fe7b2de	 A genuinely moving and wisely unsentimental drama .	4
463	3f3dece51202caa1e00588bf3	 Heaven is a haunting dramatization of a couple 's moral ascension .	2
464	cb006b79ccc97e69ca6833f48	 The Mothman Prophecies is best when illustrating the demons bedevilling the modern masculine journey .	3
465	81fa9cf7a595094b6fb3891b6	 Plays out with a dogged and eventually winning squareness that would make it the darling of many a kids-and-family-oriented cable channel .	3
466	816311b243228b262f0d80d2a	 An entertaining British hybrid of comedy , caper thrills and quirky romance .	4
467	de8fcc9680e8e54dbb59b810f	 Alain Choquart 's camera barely stops moving , portraying both the turmoil of the time and giving Conduct a perpetual sense of urgency , which , for a film that takes nearly three hours to unspool , is both funny and irritating .	2
468	55a643958b23aa4d1ec6c5864	 Mostly Martha could have used a little trimming -- 10 or 15 minutes could be cut and no one would notice -- but it 's a pleasurable trifle .	2
469	1d3194a226c162a3c48360a55	 The only pain you 'll feel as the credits roll is your stomach grumbling for some tasty grub .	1
470	9892e32e6a173ed752ede2ab0	 Hardly an objective documentary , but it 's great cinematic polemic ... love Moore or loathe him , you 've got to admire ... the intensity with which he 's willing to express his convictions .	4
471	125251f0406b777e1232171bf	 The mark of a respectable summer blockbuster is one of two things : unadulterated thrills or genuine laughs .	4
472	a4d1c421c693e89081ca2ffbc	 The film is visually dazzling , the depicted events dramatic , funny and poignant .	4
473	7bfa5669d3e398d70284c2d8e	 A directorial tour de force by Bernard Rose , ivans xtc .	3
474	f8bdcc8d10d8100da702b25d1	 is one of this year 's very best pictures .	4
475	56f02f52bfe98ae0c18863648	 What makes the movie work -- to an admittedly limited extent -- is the commitment of two genuinely engaging performers .	2
476	f772bf632dd7b2778ece96739	 Weaver and LaPaglia are both excellent , in the kind of low-key way that allows us to forget that they are actually movie folk .	4
477	5ab6e4615a2ed0acd50313794	 Even the digressions are funny .	3
478	21df8920373759436e88d8429	 Mr. Spielberg and his company just want you to enjoy yourselves without feeling conned .	3
479	c323bd285d1fede5fc461cfae	 And they succeed merrily at their noble endeavor .	3
480	890bbbb0c96ba4e01c0fd1c65	 Melodrama with a message .	2
481	7d9a882ebcbd1064dd04e9843	 A perfectly pleasant if slightly pokey comedy .	3
482	c3859408465d489d0e37aeeed	 Coppola 's directorial debut is an incredibly layered and stylistic film that , despite a fairly slow paced , almost humdrum approach to character development , still manages at least a decent attempt at meaningful cinema .	3
483	2b959092170cf34b781728e10	 At the end , when the now computerized Yoda finally reveals his martial artistry , the film ascends to a kinetic life so teeming that even cranky adults may rediscover the quivering kid inside .	3
484	0e27f7f52c1b62cd1bc7a5a3c	 Wang Xiaoshuai directs this intricately structured and well-realized drama that presents a fascinating glimpse of urban life and the class warfare that embroils two young men .	3
485	03273f771615f581390f41a0e	 It 's hard to imagine anybody ever being `` in the mood '' to view a movie as harrowing and painful as The Grey Zone , but it 's equally hard to imagine anybody being able to tear their eyes away from the screen once it 's started .	3
486	0ecfe429a8db2520d525a3767	 Bogdanovich taps deep into the Hearst mystique , entertainingly reenacting a historic scandal .	4
487	6ead899af919a2784816b1c87	 A moving tale of love and destruction in unexpected places , unexamined lives .	3
488	25caf894a31590f76cb6ddfa3	 Clooney directs this film always keeping the balance between the fantastic and the believable ...	3
489	9578c5572da04dc6536da9299	 Even if you do n't understand what on earth is going on , this is a movie that will stimulate hours of post viewing discussion , if only to be reminded of who did what to whom and why .	3
490	af44fca259fa78b303e4ff178	 ... a lesson in prehistoric hilarity .	2
491	7ed56c1ec8c972564be00b37c	 A fantastically vital movie that manages to invest real humor , sensuality , and sympathy into a story about two adolescent boys .	4
492	8fa10c4aaf48b685dcfe0e929	 Lawrence plumbs personal tragedy and also the human comedy .	3
493	27719e3b14f027d4f153688c1	 Though a capable thriller , somewhere along the way K-19 jettisoned some crucial drama .	1
494	edce3362cb6534d5b6e009768	 Just about the surest bet for an all-around good time at the movies this summer .	4
495	ce9c888b502d74f04bb2f6e8d	 It would be disingenuous to call Reno a great film , but you can say that about most of the flicks moving in and out of the multiplex .	2
496	8f6a24330f66b9b8d4ad740ec	 This is a movie that is what it is : a pleasant distraction , a Friday night diversion , an excuse to eat popcorn .	3
497	f6a2f8876526870d260e7ca4e	 There is a certain sense of experimentation and improvisation to this film that may not always work , but it is nevertheless compelling .	3
498	ae873ef1b96fe810046a4550b	 The Four Feathers has rewards , from the exoticism of its seas of sand to the fierce grandeur of its sweeping battle scenes .	3
499	680e38e29435169c9958760c0	 A delicious , quirky movie with a terrific screenplay and fanciful direction by Michael Gondry .	4
500	9325ddff7899ac231525ada4a	 This story still seems timely and important .	3
501	5c0dda29ada6f60f4cc568962	 And there 's an element of heartbreak to watching it now , with older and wiser eyes , because we know what will happen after Greene 's story ends .	3
502	9187824f85bfd927d5e397df2	 The bodily function jokes are about what you 'd expect , but there are rich veins of funny stuff in this movie .	3
503	7da7b64733689517f90242be0	 The performances are amiable and committed , and the comedy more often than not hits the bullseye .	3
504	f782f8f59458dfa9ddd466fce	 This time , the hype is quieter , and while the movie is slightly less successful than the first , it 's still a rollicking good time for the most part .	3
505	737859516fd98c82065c51583	 There 's plenty to enjoy -- in no small part thanks to Lau .	3
506	9bf1704c7c3589e44e4dc7d23	 With a romantic comedy plotline straight from the ages , this Cinderella story does n't have a single surprise up its sleeve .	1
507	b51e0f47f57f5b7a0389cbc52	 But it does somehow manage to get you under its spell .	3
508	17cb25520318f14e9138c4571	 Though few will argue that it ranks with the best of Herzog 's works , Invincible shows he 's back in form , with an astoundingly rich film .	4
509	cd496a4b3d83e3371d3fa75d9	 `` Catch Me '' feels capable of charming the masses with star power , a pop-induced score and sentimental moments that have become a Spielberg trademark .	3
510	8b2e4020e3ba15e423c5b63e2	 By no means a great movie , but it is a refreshingly forthright one .	3
511	2a3d4bd987695975befc2bf5a	 The casting of Raymond J. Barry as the ` assassin ' greatly enhances the quality of Neil Burger 's impressive fake documentary .	3
512	304cc896fd630eb84f0b72328	 Despite Besson 's high-profile name being Wasabi 's big selling point , there is no doubt that Krawczyk deserves a huge amount of the credit for the film 's thoroughly winning tone .	3
513	4f716d6b7467bdfc99e007015	 This documentary is a dazzling , remarkably unpretentious reminder of what -LRB- Evans -RRB- had , lost , and got back .	4
514	c2391a57cf1a7d64fdda311e3	 A thoughtful movie , a movie that is concerned with souls and risk and schemes and the consequences of one 's actions .	4
515	b7af52b45c8990987dc6b30c7	 As satisfyingly odd and intriguing a tale as it was a century and a half ago ... has a delightfully dour , deadpan tone and stylistic consistency .	4
516	6d527c5961f24ec0b70f71ca4	 Methodical , measured , and gently tedious in its comedy , Secret Ballot is a purposefully reductive movie -- which may be why it 's so successful at lodging itself in the brain .	4
517	0ce977fc6cdd1456944aaebf2	 A witty , trenchant , wildly unsentimental but flawed look at the ins and outs of modern moviemaking .	2
518	587287b41f6b47af9bb536882	 For most of the distance the picture provides a satisfyingly unsettling ride into the dark places of our national psyche .	3
519	bd5f1325c5e4879c60b809ed8	 By the standards of knucklehead swill , The Hot Chick is pretty damned funny .	4
520	731968185a42ba3b07d440935	 One of the most gloriously unsubtle and adrenalized extreme shockers since The Evil Dead .	3
521	94938a7fb7db7efd0078bf959	 -LRB- Reaches -RRB- wholly believable and heart-wrenching depths of despair .	3
522	cf84878e723f331f1e98eff6f	 An absorbing and unsettling psychological drama .	3
523	452a1f362115a16dca132196f	 This movie may not have the highest production values you 've ever seen , but it 's the work of an artist , one whose view of America , history and the awkwardness of human life is generous and deep .	4
524	124dd93fa5f5daacf2206e136	 Though it 's not very well shot or composed or edited , the score is too insistent and the dialogue is frequently overwrought and crudely literal , the film shatters you in waves .	1
525	e2903b5f98f56cf060704bb88	 The entire cast is extraordinarily good .	4
526	0e4de71c293b4743e955e35af	 Yakusho , as always , is wonderful as the long-faced sad sack ... and his chemistry with Shimizu is very believable .	4
527	9fb0060c3cc894ef3d98e2b08	 Young Hanks and Fisk , who vaguely resemble their celebrity parents , bring fresh good looks and an ease in front of the camera to the work .	4